Date/Time,OVERHANG_5D0225:Surface Outside Face Incident Solar Radiation Rate per Area [W/m2](Monthly),Mir-OVERHANG_5D0225:Surface Outside Face Incident Solar Radiation Rate per Area [W/m2](Monthly),OVERHANG_476DED:Surface Outside Face Incident Solar Radiation Rate per Area [W/m2](Monthly),Mir-OVERHANG_476DED:Surface Outside Face Incident Solar Radiation Rate per Area [W/m2](Monthly),OVERHANG_F559FB:Surface Outside Face Incident Solar Radiation Rate per Area [W/m2](Monthly),Mir-OVERHANG_F559FB:Surface Outside Face Incident Solar Radiation Rate per Area [W/m2](Monthly),OVERHANG_6219BC:Surface Outside Face Incident Solar Radiation Rate per Area [W/m2](Monthly),Mir-OVERHANG_6219BC:Surface Outside Face Incident Solar Radiation Rate per Area [W/m2](Monthly),OVERHANG_1F64B3:Surface Outside Face Incident Solar Radiation Rate per Area [W/m2](Monthly),Mir-OVERHANG_1F64B3:Surface Outside Face Incident Solar Radiation Rate per Area [W/m2](Monthly),OVERHANG_C0CE40:Surface Outside Face Incident Solar Radiation Rate per Area [W/m2](Monthly),Mir-OVERHANG_C0CE40:Surface Outside Face Incident Solar Radiation Rate per Area [W/m2](Monthly),OVERHANG_210DA1:Surface Outside Face Incident Solar Radiation Rate per Area [W/m2](Monthly),Mir-OVERHANG_210DA1:Surface Outside Face Incident Solar Radiation Rate per Area [W/m2](Monthly),OVERHANG_AD95CD:Surface Outside Face Incident Solar Radiation Rate per Area [W/m2](Monthly),Mir-OVERHANG_AD95CD:Surface Outside Face Incident Solar Radiation Rate per Area [W/m2](Monthly),OVERHANG_8AAD0C:Surface Outside Face Incident Solar Radiation Rate per Area [W/m2](Monthly),Mir-OVERHANG_8AAD0C:Surface Outside Face Incident Solar Radiation Rate per Area [W/m2](Monthly),OVERHANG_184CBE:Surface Outside Face Incident Solar Radiation Rate per Area [W/m2](Monthly),Mir-OVERHANG_184CBE:Surface Outside Face Incident Solar Radiation Rate per Area [W/m2](Monthly),OVERHANG_414173:Surface Outside Face Incident Solar Radiation Rate per Area [W/m2](Monthly),Mir-OVERHANG_414173:Surface Outside Face Incident Solar Radiation Rate per Area [W/m2](Monthly),OVERHANG_331365:Surface Outside Face Incident Solar Radiation Rate per Area [W/m2](Monthly),Mir-OVERHANG_331365:Surface Outside Face Incident Solar Radiation Rate per Area [W/m2](Monthly),OVERHANG_C5F616:Surface Outside Face Incident Solar Radiation Rate per Area [W/m2](Monthly),Mir-OVERHANG_C5F616:Surface Outside Face Incident Solar Radiation Rate per Area [W/m2](Monthly),OVERHANG_56A512:Surface Outside Face Incident Solar Radiation Rate per Area [W/m2](Monthly),Mir-OVERHANG_56A512:Surface Outside Face Incident Solar Radiation Rate per Area [W/m2](Monthly),OVERHANG_B39D0F:Surface Outside Face Incident Solar Radiation Rate per Area [W/m2](Monthly),Mir-OVERHANG_B39D0F:Surface Outside Face Incident Solar Radiation Rate per Area [W/m2](Monthly),OVERHANG_77EFE6:Surface Outside Face Incident Solar Radiation Rate per Area [W/m2](Monthly),Mir-OVERHANG_77EFE6:Surface Outside Face Incident Solar Radiation Rate per Area [W/m2](Monthly),OVERHANG_56D0A6:Surface Outside Face Incident Solar Radiation Rate per Area [W/m2](Monthly),Mir-OVERHANG_56D0A6:Surface Outside Face Incident Solar Radiation Rate per Area [W/m2](Monthly),OVERHANG_EB2856:Surface Outside Face Incident Solar Radiation Rate per Area [W/m2](Monthly),Mir-OVERHANG_EB2856:Surface Outside Face Incident Solar Radiation Rate per Area [W/m2](Monthly),OVERHANG_5CAEC0:Surface Outside Face Incident Solar Radiation Rate per Area [W/m2](Monthly),Mir-OVERHANG_5CAEC0:Surface Outside Face Incident Solar Radiation Rate per Area [W/m2](Monthly),OVERHANG_85D0D4:Surface Outside Face Incident Solar Radiation Rate per Area [W/m2](Monthly),Mir-OVERHANG_85D0D4:Surface Outside Face Incident Solar Radiation Rate per Area [W/m2](Monthly),OVERHANG_A4131E:Surface Outside Face Incident Solar Radiation Rate per Area [W/m2](Monthly),Mir-OVERHANG_A4131E:Surface Outside Face Incident Solar Radiation Rate per Area [W/m2](Monthly),OVERHANG_597B67:Surface Outside Face Incident Solar Radiation Rate per Area [W/m2](Monthly),Mir-OVERHANG_597B67:Surface Outside Face Incident Solar Radiation Rate per Area [W/m2](Monthly),OVERHANG_D9FA58:Surface Outside Face Incident Solar Radiation Rate per Area [W/m2](Monthly),Mir-OVERHANG_D9FA58:Surface Outside Face Incident Solar Radiation Rate per Area [W/m2](Monthly),OVERHANG_E5EBD1:Surface Outside Face Incident Solar Radiation Rate per Area [W/m2](Monthly),Mir-OVERHANG_E5EBD1:Surface Outside Face Incident Solar Radiation Rate per Area [W/m2](Monthly),OVERHANG_9365A7:Surface Outside Face Incident Solar Radiation Rate per Area [W/m2](Monthly),Mir-OVERHANG_9365A7:Surface Outside Face Incident Solar Radiation Rate per Area [W/m2](Monthly),OVERHANG_BC7910:Surface Outside Face Incident Solar Radiation Rate per Area [W/m2](Monthly),Mir-OVERHANG_BC7910:Surface Outside Face Incident Solar Radiation Rate per Area [W/m2](Monthly),OVERHANG_1E6C14:Surface Outside Face Incident Solar Radiation Rate per Area [W/m2](Monthly),Mir-OVERHANG_1E6C14:Surface Outside Face Incident Solar Radiation Rate per Area [W/m2](Monthly),OVERHANG_1EA7B0:Surface Outside Face Incident Solar Radiation Rate per Area [W/m2](Monthly),Mir-OVERHANG_1EA7B0:Surface Outside Face Incident Solar Radiation Rate per Area [W/m2](Monthly),OVERHANG_9A0068:Surface Outside Face Incident Solar Radiation Rate per Area [W/m2](Monthly),Mir-OVERHANG_9A0068:Surface Outside Face Incident Solar Radiation Rate per Area [W/m2](Monthly),OVERHANG_D2B9BD:Surface Outside Face Incident Solar Radiation Rate per Area [W/m2](Monthly),Mir-OVERHANG_D2B9BD:Surface Outside Face Incident Solar Radiation Rate per Area [W/m2](Monthly),OVERHANG_589CE0:Surface Outside Face Incident Solar Radiation Rate per Area [W/m2](Monthly),Mir-OVERHANG_589CE0:Surface Outside Face Incident Solar Radiation Rate per Area [W/m2](Monthly),OVERHANG_2ED691:Surface Outside Face Incident Solar Radiation Rate per Area [W/m2](Monthly),Mir-OVERHANG_2ED691:Surface Outside Face Incident Solar Radiation Rate per Area [W/m2](Monthly),OVERHANG_A14D79:Surface Outside Face Incident Solar Radiation Rate per Area [W/m2](Monthly),Mir-OVERHANG_A14D79:Surface Outside Face Incident Solar Radiation Rate per Area [W/m2](Monthly),OVERHANG_9B19D6:Surface Outside Face Incident Solar Radiation Rate per Area [W/m2](Monthly),Mir-OVERHANG_9B19D6:Surface Outside Face Incident Solar Radiation Rate per Area [W/m2](Monthly),OVERHANG_6C832B:Surface Outside Face Incident Solar Radiation Rate per Area [W/m2](Monthly),Mir-OVERHANG_6C832B:Surface Outside Face Incident Solar Radiation Rate per Area [W/m2](Monthly),OVERHANG_B5A0F1:Surface Outside Face Incident Solar Radiation Rate per Area [W/m2](Monthly),Mir-OVERHANG_B5A0F1:Surface Outside Face Incident Solar Radiation Rate per Area [W/m2](Monthly),OVERHANG_11F049:Surface Outside Face Incident Solar Radiation Rate per Area [W/m2](Monthly),Mir-OVERHANG_11F049:Surface Outside Face Incident Solar Radiation Rate per Area [W/m2](Monthly),OVERHANG_F9E5BE:Surface Outside Face Incident Solar Radiation Rate per Area [W/m2](Monthly),Mir-OVERHANG_F9E5BE:Surface Outside Face Incident Solar Radiation Rate per Area [W/m2](Monthly),OVERHANG_253964:Surface Outside Face Incident Solar Radiation Rate per Area [W/m2](Monthly),Mir-OVERHANG_253964:Surface Outside Face Incident Solar Radiation Rate per Area [W/m2](Monthly),OVERHANG_84FDA0:Surface Outside Face Incident Solar Radiation Rate per Area [W/m2](Monthly),Mir-OVERHANG_84FDA0:Surface Outside Face Incident Solar Radiation Rate per Area [W/m2](Monthly),OVERHANG_765034:Surface Outside Face Incident Solar Radiation Rate per Area [W/m2](Monthly),Mir-OVERHANG_765034:Surface Outside Face Incident Solar Radiation Rate per Area [W/m2](Monthly),OVERHANG_DA9B49:Surface Outside Face Incident Solar Radiation Rate per Area [W/m2](Monthly),Mir-OVERHANG_DA9B49:Surface Outside Face Incident Solar Radiation Rate per Area [W/m2](Monthly),OVERHANG_4BBE32:Surface Outside Face Incident Solar Radiation Rate per Area [W/m2](Monthly),Mir-OVERHANG_4BBE32:Surface Outside Face Incident Solar Radiation Rate per Area [W/m2](Monthly),OVERHANG_75250A:Surface Outside Face Incident Solar Radiation Rate per Area [W/m2](Monthly),Mir-OVERHANG_75250A:Surface Outside Face Incident Solar Radiation Rate per Area [W/m2](Monthly),OVERHANG_D1A16C:Surface Outside Face Incident Solar Radiation Rate per Area [W/m2](Monthly),Mir-OVERHANG_D1A16C:Surface Outside Face Incident Solar Radiation Rate per Area [W/m2](Monthly),OVERHANG_6C1D12:Surface Outside Face Incident Solar Radiation Rate per Area [W/m2](Monthly),Mir-OVERHANG_6C1D12:Surface Outside Face Incident Solar Radiation Rate per Area [W/m2](Monthly),OVERHANG_AEBE84:Surface Outside Face Incident Solar Radiation Rate per Area [W/m2](Monthly),Mir-OVERHANG_AEBE84:Surface Outside Face Incident Solar Radiation Rate per Area [W/m2](Monthly),OVERHANG_3CC912:Surface Outside Face Incident Solar Radiation Rate per Area [W/m2](Monthly),Mir-OVERHANG_3CC912:Surface Outside Face Incident Solar Radiation Rate per Area [W/m2](Monthly),OVERHANG_277330:Surface Outside Face Incident Solar Radiation Rate per Area [W/m2](Monthly),Mir-OVERHANG_277330:Surface Outside Face Incident Solar Radiation Rate per Area [W/m2](Monthly),OVERHANG_64A9EA:Surface Outside Face Incident Solar Radiation Rate per Area [W/m2](Monthly),Mir-OVERHANG_64A9EA:Surface Outside Face Incident Solar Radiation Rate per Area [W/m2](Monthly),OVERHANG_CC71D7:Surface Outside Face Incident Solar Radiation Rate per Area [W/m2](Monthly),Mir-OVERHANG_CC71D7:Surface Outside Face Incident Solar Radiation Rate per Area [W/m2](Monthly),OVERHANG_EC5ADB:Surface Outside Face Incident Solar Radiation Rate per Area [W/m2](Monthly),Mir-OVERHANG_EC5ADB:Surface Outside Face Incident Solar Radiation Rate per Area [W/m2](Monthly),OVERHANG_44F682:Surface Outside Face Incident Solar Radiation Rate per Area [W/m2](Monthly),Mir-OVERHANG_44F682:Surface Outside Face Incident Solar Radiation Rate per Area [W/m2](Monthly),OVERHANG_562C47:Surface Outside Face Incident Solar Radiation Rate per Area [W/m2](Monthly),Mir-OVERHANG_562C47:Surface Outside Face Incident Solar Radiation Rate per Area [W/m2](Monthly),OVERHANG_8FA002:Surface Outside Face Incident Solar Radiation Rate per Area [W/m2](Monthly),Mir-OVERHANG_8FA002:Surface Outside Face Incident Solar Radiation Rate per Area [W/m2](Monthly),OVERHANG_E56E8F:Surface Outside Face Incident Solar Radiation Rate per Area [W/m2](Monthly),Mir-OVERHANG_E56E8F:Surface Outside Face Incident Solar Radiation Rate per Area [W/m2](Monthly),OVERHANG_CC449B:Surface Outside Face Incident Solar Radiation Rate per Area [W/m2](Monthly),Mir-OVERHANG_CC449B:Surface Outside Face Incident Solar Radiation Rate per Area [W/m2](Monthly),OVERHANG_5C02CA:Surface Outside Face Incident Solar Radiation Rate per Area [W/m2](Monthly),Mir-OVERHANG_5C02CA:Surface Outside Face Incident Solar Radiation Rate per Area [W/m2](Monthly),OVERHANG_44DE59:Surface Outside Face Incident Solar Radiation Rate per Area [W/m2](Monthly),Mir-OVERHANG_44DE59:Surface Outside Face Incident Solar Radiation Rate per Area [W/m2](Monthly),OVERHANG_95D1E0:Surface Outside Face Incident Solar Radiation Rate per Area [W/m2](Monthly),Mir-OVERHANG_95D1E0:Surface Outside Face Incident Solar Radiation Rate per Area [W/m2](Monthly),OVERHANG_6EEDA7:Surface Outside Face Incident Solar Radiation Rate per Area [W/m2](Monthly),Mir-OVERHANG_6EEDA7:Surface Outside Face Incident Solar Radiation Rate per Area [W/m2](Monthly),OVERHANG_BA17F2:Surface Outside Face Incident Solar Radiation Rate per Area [W/m2](Monthly),Mir-OVERHANG_BA17F2:Surface Outside Face Incident Solar Radiation Rate per Area [W/m2](Monthly),OVERHANG_3995BD:Surface Outside Face Incident Solar Radiation Rate per Area [W/m2](Monthly),Mir-OVERHANG_3995BD:Surface Outside Face Incident Solar Radiation Rate per Area [W/m2](Monthly),OVERHANG_1C8687:Surface Outside Face Incident Solar Radiation Rate per Area [W/m2](Monthly),Mir-OVERHANG_1C8687:Surface Outside Face Incident Solar Radiation Rate per Area [W/m2](Monthly),OVERHANG_35802D:Surface Outside Face Incident Solar Radiation Rate per Area [W/m2](Monthly),Mir-OVERHANG_35802D:Surface Outside Face Incident Solar Radiation Rate per Area [W/m2](Monthly),OVERHANG_2701E7:Surface Outside Face Incident Solar Radiation Rate per Area [W/m2](Monthly),Mir-OVERHANG_2701E7:Surface Outside Face Incident Solar Radiation Rate per Area [W/m2](Monthly),OVERHANG_E5B936:Surface Outside Face Incident Solar Radiation Rate per Area [W/m2](Monthly),Mir-OVERHANG_E5B936:Surface Outside Face Incident Solar Radiation Rate per Area [W/m2](Monthly),OVERHANG_41E445:Surface Outside Face Incident Solar Radiation Rate per Area [W/m2](Monthly),Mir-OVERHANG_41E445:Surface Outside Face Incident Solar Radiation Rate per Area [W/m2](Monthly),FB8D0E:Surface Outside Face Incident Solar Radiation Rate per Area [W/m2](Monthly),BDBF90:Surface Outside Face Incident Solar Radiation Rate per Area [W/m2](Monthly),D61763:Surface Outside Face Incident Solar Radiation Rate per Area [W/m2](Monthly),500A08:Surface Outside Face Incident Solar Radiation Rate per Area [W/m2](Monthly),5D0225:Surface Outside Face Incident Solar Radiation Rate per Area [W/m2](Monthly),E7AD5B:Surface Outside Face Incident Solar Radiation Rate per Area [W/m2](Monthly),2F4E56:Surface Outside Face Incident Solar Radiation Rate per Area [W/m2](Monthly),476DED:Surface Outside Face Incident Solar Radiation Rate per Area [W/m2](Monthly),5F1461:Surface Outside Face Incident Solar Radiation Rate per Area [W/m2](Monthly),328801:Surface Outside Face Incident Solar Radiation Rate per Area [W/m2](Monthly),4D1BF7:Surface Outside Face Incident Solar Radiation Rate per Area [W/m2](Monthly),379398:Surface Outside Face Incident Solar Radiation Rate per Area [W/m2](Monthly),A5FD0B:Surface Outside Face Incident Solar Radiation Rate per Area [W/m2](Monthly),22017D:Surface Outside Face Incident Solar Radiation Rate per Area [W/m2](Monthly),17224B:Surface Outside Face Incident Solar Radiation Rate per Area [W/m2](Monthly),FF9093:Surface Outside Face Incident Solar Radiation Rate per Area [W/m2](Monthly),677367:Surface Outside Face Incident Solar Radiation Rate per Area [W/m2](Monthly),A9FB06:Surface Outside Face Incident Solar Radiation Rate per Area [W/m2](Monthly),1D88C5:Surface Outside Face Incident Solar Radiation Rate per Area [W/m2](Monthly),F52E84:Surface Outside Face Incident Solar Radiation Rate per Area [W/m2](Monthly),C127F1:Surface Outside Face Incident Solar Radiation Rate per Area [W/m2](Monthly),F559FB:Surface Outside Face Incident Solar Radiation Rate per Area [W/m2](Monthly),6219BC:Surface Outside Face Incident Solar Radiation Rate per Area [W/m2](Monthly),90AF14:Surface Outside Face Incident Solar Radiation Rate per Area [W/m2](Monthly),C43240:Surface Outside Face Incident Solar Radiation Rate per Area [W/m2](Monthly),B22655:Surface Outside Face Incident Solar Radiation Rate per Area [W/m2](Monthly),999A8C:Surface Outside Face Incident Solar Radiation Rate per Area [W/m2](Monthly),184CBE:Surface Outside Face Incident Solar Radiation Rate per Area [W/m2](Monthly),8EACF0:Surface Outside Face Incident Solar Radiation Rate per Area [W/m2](Monthly),E8F7AE:Surface Outside Face Incident Solar Radiation Rate per Area [W/m2](Monthly),878591:Surface Outside Face Incident Solar Radiation Rate per Area [W/m2](Monthly),E3D83D:Surface Outside Face Incident Solar Radiation Rate per Area [W/m2](Monthly),B9503E:Surface Outside Face Incident Solar Radiation Rate per Area [W/m2](Monthly),487A7A:Surface Outside Face Incident Solar Radiation Rate per Area [W/m2](Monthly),740B46:Surface Outside Face Incident Solar Radiation Rate per Area [W/m2](Monthly),8877FE:Surface Outside Face Incident Solar Radiation Rate per Area [W/m2](Monthly),FB0386:Surface Outside Face Incident Solar Radiation Rate per Area [W/m2](Monthly),304505:Surface Outside Face Incident Solar Radiation Rate per Area [W/m2](Monthly),AD95CD:Surface Outside Face Incident Solar Radiation Rate per Area [W/m2](Monthly),8AAD0C:Surface Outside Face Incident Solar Radiation Rate per Area [W/m2](Monthly),7A57F8:Surface Outside Face Incident Solar Radiation Rate per Area [W/m2](Monthly),B9856D:Surface Outside Face Incident Solar Radiation Rate per Area [W/m2](Monthly),AA1293:Surface Outside Face Incident Solar Radiation Rate per Area [W/m2](Monthly),52D9B6:Surface Outside Face Incident Solar Radiation Rate per Area [W/m2](Monthly),3CA229:Surface Outside Face Incident Solar Radiation Rate per Area [W/m2](Monthly),BBFA04:Surface Outside Face Incident Solar Radiation Rate per Area [W/m2](Monthly),253C09:Surface Outside Face Incident Solar Radiation Rate per Area [W/m2](Monthly),2A2747:Surface Outside Face Incident Solar Radiation Rate per Area [W/m2](Monthly),414173:Surface Outside Face Incident Solar Radiation Rate per Area [W/m2](Monthly),3A0439:Surface Outside Face Incident Solar Radiation Rate per Area [W/m2](Monthly),A3181A:Surface Outside Face Incident Solar Radiation Rate per Area [W/m2](Monthly),331365:Surface Outside Face Incident Solar Radiation Rate per Area [W/m2](Monthly),CCAE33:Surface Outside Face Incident Solar Radiation Rate per Area [W/m2](Monthly),A1CC73:Surface Outside Face Incident Solar Radiation Rate per Area [W/m2](Monthly),5BEA2E:Surface Outside Face Incident Solar Radiation Rate per Area [W/m2](Monthly),CE766C:Surface Outside Face Incident Solar Radiation Rate per Area [W/m2](Monthly),3737B9:Surface Outside Face Incident Solar Radiation Rate per Area [W/m2](Monthly),53EDC6:Surface Outside Face Incident Solar Radiation Rate per Area [W/m2](Monthly),56A512:Surface Outside Face Incident Solar Radiation Rate per Area [W/m2](Monthly),C47F78:Surface Outside Face Incident Solar Radiation Rate per Area [W/m2](Monthly),F85590:Surface Outside Face Incident Solar Radiation Rate per Area [W/m2](Monthly),C5F616:Surface Outside Face Incident Solar Radiation Rate per Area [W/m2](Monthly),E3B14D:Surface Outside Face Incident Solar Radiation Rate per Area [W/m2](Monthly),B39D0F:Surface Outside Face Incident Solar Radiation Rate per Area [W/m2](Monthly),510402:Surface Outside Face Incident Solar Radiation Rate per Area [W/m2](Monthly),E67E0A:Surface Outside Face Incident Solar Radiation Rate per Area [W/m2](Monthly),7F89F3:Surface Outside Face Incident Solar Radiation Rate per Area [W/m2](Monthly),247208:Surface Outside Face Incident Solar Radiation Rate per Area [W/m2](Monthly),66F1DB:Surface Outside Face Incident Solar Radiation Rate per Area [W/m2](Monthly),300191:Surface Outside Face Incident Solar Radiation Rate per Area [W/m2](Monthly),EDFCDA:Surface Outside Face Incident Solar Radiation Rate per Area [W/m2](Monthly),C21C53:Surface Outside Face Incident Solar Radiation Rate per Area [W/m2](Monthly),CF9255:Surface Outside Face Incident Solar Radiation Rate per Area [W/m2](Monthly),3463F1:Surface Outside Face Incident Solar Radiation Rate per Area [W/m2](Monthly),452853:Surface Outside Face Incident Solar Radiation Rate per Area [W/m2](Monthly),77EFE6:Surface Outside Face Incident Solar Radiation Rate per Area [W/m2](Monthly),56D0A6:Surface Outside Face Incident Solar Radiation Rate per Area [W/m2](Monthly),73E906:Surface Outside Face Incident Solar Radiation Rate per Area [W/m2](Monthly),87B661:Surface Outside Face Incident Solar Radiation Rate per Area [W/m2](Monthly),8B0418:Surface Outside Face Incident Solar Radiation Rate per Area [W/m2](Monthly),1C8687:Surface Outside Face Incident Solar Radiation Rate per Area [W/m2](Monthly),548844:Surface Outside Face Incident Solar Radiation Rate per Area [W/m2](Monthly),36B370:Surface Outside Face Incident Solar Radiation Rate per Area [W/m2](Monthly),EC5ADB:Surface Outside Face Incident Solar Radiation Rate per Area [W/m2](Monthly),A71B75:Surface Outside Face Incident Solar Radiation Rate per Area [W/m2](Monthly),27CF50:Surface Outside Face Incident Solar Radiation Rate per Area [W/m2](Monthly),DB79D8:Surface Outside Face Incident Solar Radiation Rate per Area [W/m2](Monthly),41E445:Surface Outside Face Incident Solar Radiation Rate per Area [W/m2](Monthly),6987BB:Surface Outside Face Incident Solar Radiation Rate per Area [W/m2](Monthly),5C1120:Surface Outside Face Incident Solar Radiation Rate per Area [W/m2](Monthly),85D0D4:Surface Outside Face Incident Solar Radiation Rate per Area [W/m2](Monthly),A4131E:Surface Outside Face Incident Solar Radiation Rate per Area [W/m2](Monthly),99D41A:Surface Outside Face Incident Solar Radiation Rate per Area [W/m2](Monthly),6EEDA7:Surface Outside Face Incident Solar Radiation Rate per Area [W/m2](Monthly),A01467:Surface Outside Face Incident Solar Radiation Rate per Area [W/m2](Monthly),691677:Surface Outside Face Incident Solar Radiation Rate per Area [W/m2](Monthly),301B80:Surface Outside Face Incident Solar Radiation Rate per Area [W/m2](Monthly),4BBE32:Surface Outside Face Incident Solar Radiation Rate per Area [W/m2](Monthly),9529E4:Surface Outside Face Incident Solar Radiation Rate per Area [W/m2](Monthly),EB2856:Surface Outside Face Incident Solar Radiation Rate per Area [W/m2](Monthly),5CAEC0:Surface Outside Face Incident Solar Radiation Rate per Area [W/m2](Monthly),AD982D:Surface Outside Face Incident Solar Radiation Rate per Area [W/m2](Monthly),ECE390:Surface Outside Face Incident Solar Radiation Rate per Area [W/m2](Monthly),6603F7:Surface Outside Face Incident Solar Radiation Rate per Area [W/m2](Monthly),1955C0:Surface Outside Face Incident Solar Radiation Rate per Area [W/m2](Monthly),95D1E0:Surface Outside Face Incident Solar Radiation Rate per Area [W/m2](Monthly),3AAC09:Surface Outside Face Incident Solar Radiation Rate per Area [W/m2](Monthly),3995BD:Surface Outside Face Incident Solar Radiation Rate per Area [W/m2](Monthly),39BFA5:Surface Outside Face Incident Solar Radiation Rate per Area [W/m2](Monthly),AEBE84:Surface Outside Face Incident Solar Radiation Rate per Area [W/m2](Monthly),C317F2:Surface Outside Face Incident Solar Radiation Rate per Area [W/m2](Monthly),44F682:Surface Outside Face Incident Solar Radiation Rate per Area [W/m2](Monthly),6F7E7A:Surface Outside Face Incident Solar Radiation Rate per Area [W/m2](Monthly),84FDA0:Surface Outside Face Incident Solar Radiation Rate per Area [W/m2](Monthly),B7C7BE:Surface Outside Face Incident Solar Radiation Rate per Area [W/m2](Monthly),7C6FBE:Surface Outside Face Incident Solar Radiation Rate per Area [W/m2](Monthly),78F321:Surface Outside Face Incident Solar Radiation Rate per Area [W/m2](Monthly),8FA002:Surface Outside Face Incident Solar Radiation Rate per Area [W/m2](Monthly),4ECBB8:Surface Outside Face Incident Solar Radiation Rate per Area [W/m2](Monthly),D1A16C:Surface Outside Face Incident Solar Radiation Rate per Area [W/m2](Monthly),7CB2FD:Surface Outside Face Incident Solar Radiation Rate per Area [W/m2](Monthly),D020FF:Surface Outside Face Incident Solar Radiation Rate per Area [W/m2](Monthly),4F36FB:Surface Outside Face Incident Solar Radiation Rate per Area [W/m2](Monthly),31ADC0:Surface Outside Face Incident Solar Radiation Rate per Area [W/m2](Monthly),597B67:Surface Outside Face Incident Solar Radiation Rate per Area [W/m2](Monthly),D9FA58:Surface Outside Face Incident Solar Radiation Rate per Area [W/m2](Monthly),D6C4FE:Surface Outside Face Incident Solar Radiation Rate per Area [W/m2](Monthly),FC0A3A:Surface Outside Face Incident Solar Radiation Rate per Area [W/m2](Monthly),35802D:Surface Outside Face Incident Solar Radiation Rate per Area [W/m2](Monthly),F89961:Surface Outside Face Incident Solar Radiation Rate per Area [W/m2](Monthly),CC71D7:Surface Outside Face Incident Solar Radiation Rate per Area [W/m2](Monthly),76E26E:Surface Outside Face Incident Solar Radiation Rate per Area [W/m2](Monthly),3CC912:Surface Outside Face Incident Solar Radiation Rate per Area [W/m2](Monthly),843BF2:Surface Outside Face Incident Solar Radiation Rate per Area [W/m2](Monthly),F9E5BE:Surface Outside Face Incident Solar Radiation Rate per Area [W/m2](Monthly),2B918C:Surface Outside Face Incident Solar Radiation Rate per Area [W/m2](Monthly),5DFC19:Surface Outside Face Incident Solar Radiation Rate per Area [W/m2](Monthly),44DE59:Surface Outside Face Incident Solar Radiation Rate per Area [W/m2](Monthly),8B4AA2:Surface Outside Face Incident Solar Radiation Rate per Area [W/m2](Monthly),2701E7:Surface Outside Face Incident Solar Radiation Rate per Area [W/m2](Monthly),B6F494:Surface Outside Face Incident Solar Radiation Rate per Area [W/m2](Monthly),FC792B:Surface Outside Face Incident Solar Radiation Rate per Area [W/m2](Monthly),A43C01:Surface Outside Face Incident Solar Radiation Rate per Area [W/m2](Monthly),A7BC2C:Surface Outside Face Incident Solar Radiation Rate per Area [W/m2](Monthly),9B19D6:Surface Outside Face Incident Solar Radiation Rate per Area [W/m2](Monthly),6C832B:Surface Outside Face Incident Solar Radiation Rate per Area [W/m2](Monthly),909EB2:Surface Outside Face Incident Solar Radiation Rate per Area [W/m2](Monthly),B9FAB8:Surface Outside Face Incident Solar Radiation Rate per Area [W/m2](Monthly),584446:Surface Outside Face Incident Solar Radiation Rate per Area [W/m2](Monthly),D13485:Surface Outside Face Incident Solar Radiation Rate per Area [W/m2](Monthly),E5B936:Surface Outside Face Incident Solar Radiation Rate per Area [W/m2](Monthly),59E82F:Surface Outside Face Incident Solar Radiation Rate per Area [W/m2](Monthly),BA17F2:Surface Outside Face Incident Solar Radiation Rate per Area [W/m2](Monthly),F9B930:Surface Outside Face Incident Solar Radiation Rate per Area [W/m2](Monthly),72D250:Surface Outside Face Incident Solar Radiation Rate per Area [W/m2](Monthly),E5EBD1:Surface Outside Face Incident Solar Radiation Rate per Area [W/m2](Monthly),9365A7:Surface Outside Face Incident Solar Radiation Rate per Area [W/m2](Monthly),FB793D:Surface Outside Face Incident Solar Radiation Rate per Area [W/m2](Monthly),562C47:Surface Outside Face Incident Solar Radiation Rate per Area [W/m2](Monthly),E027B2:Surface Outside Face Incident Solar Radiation Rate per Area [W/m2](Monthly),765034:Surface Outside Face Incident Solar Radiation Rate per Area [W/m2](Monthly),4EEB5E:Surface Outside Face Incident Solar Radiation Rate per Area [W/m2](Monthly),44E75C:Surface Outside Face Incident Solar Radiation Rate per Area [W/m2](Monthly),7A577E:Surface Outside Face Incident Solar Radiation Rate per Area [W/m2](Monthly),E56E8F:Surface Outside Face Incident Solar Radiation Rate per Area [W/m2](Monthly),82B7F9:Surface Outside Face Incident Solar Radiation Rate per Area [W/m2](Monthly),6C1D12:Surface Outside Face Incident Solar Radiation Rate per Area [W/m2](Monthly),2A1373:Surface Outside Face Incident Solar Radiation Rate per Area [W/m2](Monthly),4C212F:Surface Outside Face Incident Solar Radiation Rate per Area [W/m2](Monthly),1DFEF5:Surface Outside Face Incident Solar Radiation Rate per Area [W/m2](Monthly),7D02C2:Surface Outside Face Incident Solar Radiation Rate per Area [W/m2](Monthly),BC7910:Surface Outside Face Incident Solar Radiation Rate per Area [W/m2](Monthly),1E6C14:Surface Outside Face Incident Solar Radiation Rate per Area [W/m2](Monthly),370F56:Surface Outside Face Incident Solar Radiation Rate per Area [W/m2](Monthly),946703:Surface Outside Face Incident Solar Radiation Rate per Area [W/m2](Monthly),11F049:Surface Outside Face Incident Solar Radiation Rate per Area [W/m2](Monthly),5B74C1:Surface Outside Face Incident Solar Radiation Rate per Area [W/m2](Monthly),64A9EA:Surface Outside Face Incident Solar Radiation Rate per Area [W/m2](Monthly),55F188:Surface Outside Face Incident Solar Radiation Rate per Area [W/m2](Monthly),D30172:Surface Outside Face Incident Solar Radiation Rate per Area [W/m2](Monthly),A03C9D:Surface Outside Face Incident Solar Radiation Rate per Area [W/m2](Monthly),5C02CA:Surface Outside Face Incident Solar Radiation Rate per Area [W/m2](Monthly),AA94FC:Surface Outside Face Incident Solar Radiation Rate per Area [W/m2](Monthly),75250A:Surface Outside Face Incident Solar Radiation Rate per Area [W/m2](Monthly),99FA8A:Surface Outside Face Incident Solar Radiation Rate per Area [W/m2](Monthly),CE9631:Surface Outside Face Incident Solar Radiation Rate per Area [W/m2](Monthly),E33917:Surface Outside Face Incident Solar Radiation Rate per Area [W/m2](Monthly),DDCB5D:Surface Outside Face Incident Solar Radiation Rate per Area [W/m2](Monthly),D2B9BD:Surface Outside Face Incident Solar Radiation Rate per Area [W/m2](Monthly),589CE0:Surface Outside Face Incident Solar Radiation Rate per Area [W/m2](Monthly),8CA917:Surface Outside Face Incident Solar Radiation Rate per Area [W/m2](Monthly),FB8E71:Surface Outside Face Incident Solar Radiation Rate per Area [W/m2](Monthly),2ED691:Surface Outside Face Incident Solar Radiation Rate per Area [W/m2](Monthly),505C6F:Surface Outside Face Incident Solar Radiation Rate per Area [W/m2](Monthly),A14D79:Surface Outside Face Incident Solar Radiation Rate per Area [W/m2](Monthly),16CAD5:Surface Outside Face Incident Solar Radiation Rate per Area [W/m2](Monthly),1C01B8:Surface Outside Face Incident Solar Radiation Rate per Area [W/m2](Monthly),5FE007:Surface Outside Face Incident Solar Radiation Rate per Area [W/m2](Monthly),277330:Surface Outside Face Incident Solar Radiation Rate per Area [W/m2](Monthly),AE1BBD:Surface Outside Face Incident Solar Radiation Rate per Area [W/m2](Monthly),253964:Surface Outside Face Incident Solar Radiation Rate per Area [W/m2](Monthly),595A23:Surface Outside Face Incident Solar Radiation Rate per Area [W/m2](Monthly),2DD4CC:Surface Outside Face Incident Solar Radiation Rate per Area [W/m2](Monthly),7B5F9C:Surface Outside Face Incident Solar Radiation Rate per Area [W/m2](Monthly),1ACF04:Surface Outside Face Incident Solar Radiation Rate per Area [W/m2](Monthly),AB6A7E:Surface Outside Face Incident Solar Radiation Rate per Area [W/m2](Monthly),DA9B49:Surface Outside Face Incident Solar Radiation Rate per Area [W/m2](Monthly),3A7027:Surface Outside Face Incident Solar Radiation Rate per Area [W/m2](Monthly),210DA1:Surface Outside Face Incident Solar Radiation Rate per Area [W/m2](Monthly),29EF4F:Surface Outside Face Incident Solar Radiation Rate per Area [W/m2](Monthly),D769F6:Surface Outside Face Incident Solar Radiation Rate per Area [W/m2](Monthly),1F64B3:Surface Outside Face Incident Solar Radiation Rate per Area [W/m2](Monthly),C0CE40:Surface Outside Face Incident Solar Radiation Rate per Area [W/m2](Monthly),AE405A:Surface Outside Face Incident Solar Radiation Rate per Area [W/m2](Monthly),1CC64C:Surface Outside Face Incident Solar Radiation Rate per Area [W/m2](Monthly),3D5490:Surface Outside Face Incident Solar Radiation Rate per Area [W/m2](Monthly),CC449B:Surface Outside Face Incident Solar Radiation Rate per Area [W/m2](Monthly),84529B:Surface Outside Face Incident Solar Radiation Rate per Area [W/m2](Monthly),B5A0F1:Surface Outside Face Incident Solar Radiation Rate per Area [W/m2](Monthly),512080:Surface Outside Face Incident Solar Radiation Rate per Area [W/m2](Monthly),9FE16B:Surface Outside Face Incident Solar Radiation Rate per Area [W/m2](Monthly),AFA981:Surface Outside Face Incident Solar Radiation Rate per Area [W/m2](Monthly),3A1818:Surface Outside Face Incident Solar Radiation Rate per Area [W/m2](Monthly),1EA7B0:Surface Outside Face Incident Solar Radiation Rate per Area [W/m2](Monthly),9A0068:Surface Outside Face Incident Solar Radiation Rate per Area [W/m2](Monthly),815C4A:Surface Outside Face Incident Solar Radiation Rate per Area [W/m2](Monthly),Cooling:EnergyTransfer [J](Daily),InteriorLights:Electricity [J](Daily),InteriorEquipment:Electricity [J](Daily) 
 06/01,,,,,,,,,,,,,,,,,,,,,,,,,,,,,,,,,,,,,,,,,,,,,,,,,,,,,,,,,,,,,,,,,,,,,,,,,,,,,,,,,,,,,,,,,,,,,,,,,,,,,,,,,,,,,,,,,,,,,,,,,,,,,,,,,,,,,,,,,,,,,,,,,,,,,,,,,,,,,,,,,,,,,,,,,,,,,,,,,,,,,,,,,,,,,,,,,,,,,,,,,,,,,,,,,,,,,,,,,,,,,,,,,,,,,,,,,,,,,,,,,,,,,,,,,,,,,,,,,,,,,,,,,,,,,,,,,,,,,,,,,,,,,,,,,,,,,,,,,,,,,,,,,,,,,,,,,,,,,,,,,,,,,,,,,,,,,,,,,,,,,,,,,,,,,,,,,,,,,,,,,,,3747472351.3657977,332640000.0,2556338400.0 
 06/02,,,,,,,,,,,,,,,,,,,,,,,,,,,,,,,,,,,,,,,,,,,,,,,,,,,,,,,,,,,,,,,,,,,,,,,,,,,,,,,,,,,,,,,,,,,,,,,,,,,,,,,,,,,,,,,,,,,,,,,,,,,,,,,,,,,,,,,,,,,,,,,,,,,,,,,,,,,,,,,,,,,,,,,,,,,,,,,,,,,,,,,,,,,,,,,,,,,,,,,,,,,,,,,,,,,,,,,,,,,,,,,,,,,,,,,,,,,,,,,,,,,,,,,,,,,,,,,,,,,,,,,,,,,,,,,,,,,,,,,,,,,,,,,,,,,,,,,,,,,,,,,,,,,,,,,,,,,,,,,,,,,,,,,,,,,,,,,,,,,,,,,,,,,,,,,,,,,,,,,,,,,3704841477.4797847,332640000.0,2556338400.0 
 06/03,,,,,,,,,,,,,,,,,,,,,,,,,,,,,,,,,,,,,,,,,,,,,,,,,,,,,,,,,,,,,,,,,,,,,,,,,,,,,,,,,,,,,,,,,,,,,,,,,,,,,,,,,,,,,,,,,,,,,,,,,,,,,,,,,,,,,,,,,,,,,,,,,,,,,,,,,,,,,,,,,,,,,,,,,,,,,,,,,,,,,,,,,,,,,,,,,,,,,,,,,,,,,,,,,,,,,,,,,,,,,,,,,,,,,,,,,,,,,,,,,,,,,,,,,,,,,,,,,,,,,,,,,,,,,,,,,,,,,,,,,,,,,,,,,,,,,,,,,,,,,,,,,,,,,,,,,,,,,,,,,,,,,,,,,,,,,,,,,,,,,,,,,,,,,,,,,,,,,,,,,,,3769757626.320971,332640000.0,2556338400.0 
 06/04,,,,,,,,,,,,,,,,,,,,,,,,,,,,,,,,,,,,,,,,,,,,,,,,,,,,,,,,,,,,,,,,,,,,,,,,,,,,,,,,,,,,,,,,,,,,,,,,,,,,,,,,,,,,,,,,,,,,,,,,,,,,,,,,,,,,,,,,,,,,,,,,,,,,,,,,,,,,,,,,,,,,,,,,,,,,,,,,,,,,,,,,,,,,,,,,,,,,,,,,,,,,,,,,,,,,,,,,,,,,,,,,,,,,,,,,,,,,,,,,,,,,,,,,,,,,,,,,,,,,,,,,,,,,,,,,,,,,,,,,,,,,,,,,,,,,,,,,,,,,,,,,,,,,,,,,,,,,,,,,,,,,,,,,,,,,,,,,,,,,,,,,,,,,,,,,,,,,,,,,,,,3808857791.6214506,332640000.0,2556338400.0 
 06/05,,,,,,,,,,,,,,,,,,,,,,,,,,,,,,,,,,,,,,,,,,,,,,,,,,,,,,,,,,,,,,,,,,,,,,,,,,,,,,,,,,,,,,,,,,,,,,,,,,,,,,,,,,,,,,,,,,,,,,,,,,,,,,,,,,,,,,,,,,,,,,,,,,,,,,,,,,,,,,,,,,,,,,,,,,,,,,,,,,,,,,,,,,,,,,,,,,,,,,,,,,,,,,,,,,,,,,,,,,,,,,,,,,,,,,,,,,,,,,,,,,,,,,,,,,,,,,,,,,,,,,,,,,,,,,,,,,,,,,,,,,,,,,,,,,,,,,,,,,,,,,,,,,,,,,,,,,,,,,,,,,,,,,,,,,,,,,,,,,,,,,,,,,,,,,,,,,,,,,,,,,,3551444901.7146599,332640000.0,2556338400.0 
 06/06,,,,,,,,,,,,,,,,,,,,,,,,,,,,,,,,,,,,,,,,,,,,,,,,,,,,,,,,,,,,,,,,,,,,,,,,,,,,,,,,,,,,,,,,,,,,,,,,,,,,,,,,,,,,,,,,,,,,,,,,,,,,,,,,,,,,,,,,,,,,,,,,,,,,,,,,,,,,,,,,,,,,,,,,,,,,,,,,,,,,,,,,,,,,,,,,,,,,,,,,,,,,,,,,,,,,,,,,,,,,,,,,,,,,,,,,,,,,,,,,,,,,,,,,,,,,,,,,,,,,,,,,,,,,,,,,,,,,,,,,,,,,,,,,,,,,,,,,,,,,,,,,,,,,,,,,,,,,,,,,,,,,,,,,,,,,,,,,,,,,,,,,,,,,,,,,,,,,,,,,,,,3400618492.3608505,281160000.0,3042646200.0 
 06/07,,,,,,,,,,,,,,,,,,,,,,,,,,,,,,,,,,,,,,,,,,,,,,,,,,,,,,,,,,,,,,,,,,,,,,,,,,,,,,,,,,,,,,,,,,,,,,,,,,,,,,,,,,,,,,,,,,,,,,,,,,,,,,,,,,,,,,,,,,,,,,,,,,,,,,,,,,,,,,,,,,,,,,,,,,,,,,,,,,,,,,,,,,,,,,,,,,,,,,,,,,,,,,,,,,,,,,,,,,,,,,,,,,,,,,,,,,,,,,,,,,,,,,,,,,,,,,,,,,,,,,,,,,,,,,,,,,,,,,,,,,,,,,,,,,,,,,,,,,,,,,,,,,,,,,,,,,,,,,,,,,,,,,,,,,,,,,,,,,,,,,,,,,,,,,,,,,,,,,,,,,,2747171783.004419,281160000.0,3042646200.0 
 06/08,,,,,,,,,,,,,,,,,,,,,,,,,,,,,,,,,,,,,,,,,,,,,,,,,,,,,,,,,,,,,,,,,,,,,,,,,,,,,,,,,,,,,,,,,,,,,,,,,,,,,,,,,,,,,,,,,,,,,,,,,,,,,,,,,,,,,,,,,,,,,,,,,,,,,,,,,,,,,,,,,,,,,,,,,,,,,,,,,,,,,,,,,,,,,,,,,,,,,,,,,,,,,,,,,,,,,,,,,,,,,,,,,,,,,,,,,,,,,,,,,,,,,,,,,,,,,,,,,,,,,,,,,,,,,,,,,,,,,,,,,,,,,,,,,,,,,,,,,,,,,,,,,,,,,,,,,,,,,,,,,,,,,,,,,,,,,,,,,,,,,,,,,,,,,,,,,,,,,,,,,,,2522089626.532374,332640000.0,2556338400.0 
 06/09,,,,,,,,,,,,,,,,,,,,,,,,,,,,,,,,,,,,,,,,,,,,,,,,,,,,,,,,,,,,,,,,,,,,,,,,,,,,,,,,,,,,,,,,,,,,,,,,,,,,,,,,,,,,,,,,,,,,,,,,,,,,,,,,,,,,,,,,,,,,,,,,,,,,,,,,,,,,,,,,,,,,,,,,,,,,,,,,,,,,,,,,,,,,,,,,,,,,,,,,,,,,,,,,,,,,,,,,,,,,,,,,,,,,,,,,,,,,,,,,,,,,,,,,,,,,,,,,,,,,,,,,,,,,,,,,,,,,,,,,,,,,,,,,,,,,,,,,,,,,,,,,,,,,,,,,,,,,,,,,,,,,,,,,,,,,,,,,,,,,,,,,,,,,,,,,,,,,,,,,,,,2686030691.9069516,332640000.0,2556338400.0 
 06/10,,,,,,,,,,,,,,,,,,,,,,,,,,,,,,,,,,,,,,,,,,,,,,,,,,,,,,,,,,,,,,,,,,,,,,,,,,,,,,,,,,,,,,,,,,,,,,,,,,,,,,,,,,,,,,,,,,,,,,,,,,,,,,,,,,,,,,,,,,,,,,,,,,,,,,,,,,,,,,,,,,,,,,,,,,,,,,,,,,,,,,,,,,,,,,,,,,,,,,,,,,,,,,,,,,,,,,,,,,,,,,,,,,,,,,,,,,,,,,,,,,,,,,,,,,,,,,,,,,,,,,,,,,,,,,,,,,,,,,,,,,,,,,,,,,,,,,,,,,,,,,,,,,,,,,,,,,,,,,,,,,,,,,,,,,,,,,,,,,,,,,,,,,,,,,,,,,,,,,,,,,,2602592008.771161,332640000.0,2556338400.0 
 06/11,,,,,,,,,,,,,,,,,,,,,,,,,,,,,,,,,,,,,,,,,,,,,,,,,,,,,,,,,,,,,,,,,,,,,,,,,,,,,,,,,,,,,,,,,,,,,,,,,,,,,,,,,,,,,,,,,,,,,,,,,,,,,,,,,,,,,,,,,,,,,,,,,,,,,,,,,,,,,,,,,,,,,,,,,,,,,,,,,,,,,,,,,,,,,,,,,,,,,,,,,,,,,,,,,,,,,,,,,,,,,,,,,,,,,,,,,,,,,,,,,,,,,,,,,,,,,,,,,,,,,,,,,,,,,,,,,,,,,,,,,,,,,,,,,,,,,,,,,,,,,,,,,,,,,,,,,,,,,,,,,,,,,,,,,,,,,,,,,,,,,,,,,,,,,,,,,,,,,,,,,,,3292450804.2776768,332640000.0,2556338400.0 
 06/12,,,,,,,,,,,,,,,,,,,,,,,,,,,,,,,,,,,,,,,,,,,,,,,,,,,,,,,,,,,,,,,,,,,,,,,,,,,,,,,,,,,,,,,,,,,,,,,,,,,,,,,,,,,,,,,,,,,,,,,,,,,,,,,,,,,,,,,,,,,,,,,,,,,,,,,,,,,,,,,,,,,,,,,,,,,,,,,,,,,,,,,,,,,,,,,,,,,,,,,,,,,,,,,,,,,,,,,,,,,,,,,,,,,,,,,,,,,,,,,,,,,,,,,,,,,,,,,,,,,,,,,,,,,,,,,,,,,,,,,,,,,,,,,,,,,,,,,,,,,,,,,,,,,,,,,,,,,,,,,,,,,,,,,,,,,,,,,,,,,,,,,,,,,,,,,,,,,,,,,,,,,2676810395.712027,332640000.0,2556338400.0 
 06/13,,,,,,,,,,,,,,,,,,,,,,,,,,,,,,,,,,,,,,,,,,,,,,,,,,,,,,,,,,,,,,,,,,,,,,,,,,,,,,,,,,,,,,,,,,,,,,,,,,,,,,,,,,,,,,,,,,,,,,,,,,,,,,,,,,,,,,,,,,,,,,,,,,,,,,,,,,,,,,,,,,,,,,,,,,,,,,,,,,,,,,,,,,,,,,,,,,,,,,,,,,,,,,,,,,,,,,,,,,,,,,,,,,,,,,,,,,,,,,,,,,,,,,,,,,,,,,,,,,,,,,,,,,,,,,,,,,,,,,,,,,,,,,,,,,,,,,,,,,,,,,,,,,,,,,,,,,,,,,,,,,,,,,,,,,,,,,,,,,,,,,,,,,,,,,,,,,,,,,,,,,,1852984191.2244399,281160000.0,3042646200.0 
 06/14,,,,,,,,,,,,,,,,,,,,,,,,,,,,,,,,,,,,,,,,,,,,,,,,,,,,,,,,,,,,,,,,,,,,,,,,,,,,,,,,,,,,,,,,,,,,,,,,,,,,,,,,,,,,,,,,,,,,,,,,,,,,,,,,,,,,,,,,,,,,,,,,,,,,,,,,,,,,,,,,,,,,,,,,,,,,,,,,,,,,,,,,,,,,,,,,,,,,,,,,,,,,,,,,,,,,,,,,,,,,,,,,,,,,,,,,,,,,,,,,,,,,,,,,,,,,,,,,,,,,,,,,,,,,,,,,,,,,,,,,,,,,,,,,,,,,,,,,,,,,,,,,,,,,,,,,,,,,,,,,,,,,,,,,,,,,,,,,,,,,,,,,,,,,,,,,,,,,,,,,,,,2393227501.341222,281160000.0,3042646200.0 
 06/15,,,,,,,,,,,,,,,,,,,,,,,,,,,,,,,,,,,,,,,,,,,,,,,,,,,,,,,,,,,,,,,,,,,,,,,,,,,,,,,,,,,,,,,,,,,,,,,,,,,,,,,,,,,,,,,,,,,,,,,,,,,,,,,,,,,,,,,,,,,,,,,,,,,,,,,,,,,,,,,,,,,,,,,,,,,,,,,,,,,,,,,,,,,,,,,,,,,,,,,,,,,,,,,,,,,,,,,,,,,,,,,,,,,,,,,,,,,,,,,,,,,,,,,,,,,,,,,,,,,,,,,,,,,,,,,,,,,,,,,,,,,,,,,,,,,,,,,,,,,,,,,,,,,,,,,,,,,,,,,,,,,,,,,,,,,,,,,,,,,,,,,,,,,,,,,,,,,,,,,,,,,1688655303.3276582,332640000.0,2556338400.0 
 06/16,,,,,,,,,,,,,,,,,,,,,,,,,,,,,,,,,,,,,,,,,,,,,,,,,,,,,,,,,,,,,,,,,,,,,,,,,,,,,,,,,,,,,,,,,,,,,,,,,,,,,,,,,,,,,,,,,,,,,,,,,,,,,,,,,,,,,,,,,,,,,,,,,,,,,,,,,,,,,,,,,,,,,,,,,,,,,,,,,,,,,,,,,,,,,,,,,,,,,,,,,,,,,,,,,,,,,,,,,,,,,,,,,,,,,,,,,,,,,,,,,,,,,,,,,,,,,,,,,,,,,,,,,,,,,,,,,,,,,,,,,,,,,,,,,,,,,,,,,,,,,,,,,,,,,,,,,,,,,,,,,,,,,,,,,,,,,,,,,,,,,,,,,,,,,,,,,,,,,,,,,,,2052704738.8109384,332640000.0,2556338400.0 
 06/17,,,,,,,,,,,,,,,,,,,,,,,,,,,,,,,,,,,,,,,,,,,,,,,,,,,,,,,,,,,,,,,,,,,,,,,,,,,,,,,,,,,,,,,,,,,,,,,,,,,,,,,,,,,,,,,,,,,,,,,,,,,,,,,,,,,,,,,,,,,,,,,,,,,,,,,,,,,,,,,,,,,,,,,,,,,,,,,,,,,,,,,,,,,,,,,,,,,,,,,,,,,,,,,,,,,,,,,,,,,,,,,,,,,,,,,,,,,,,,,,,,,,,,,,,,,,,,,,,,,,,,,,,,,,,,,,,,,,,,,,,,,,,,,,,,,,,,,,,,,,,,,,,,,,,,,,,,,,,,,,,,,,,,,,,,,,,,,,,,,,,,,,,,,,,,,,,,,,,,,,,,,2039422952.922175,332640000.0,2556338400.0 
 06/18,,,,,,,,,,,,,,,,,,,,,,,,,,,,,,,,,,,,,,,,,,,,,,,,,,,,,,,,,,,,,,,,,,,,,,,,,,,,,,,,,,,,,,,,,,,,,,,,,,,,,,,,,,,,,,,,,,,,,,,,,,,,,,,,,,,,,,,,,,,,,,,,,,,,,,,,,,,,,,,,,,,,,,,,,,,,,,,,,,,,,,,,,,,,,,,,,,,,,,,,,,,,,,,,,,,,,,,,,,,,,,,,,,,,,,,,,,,,,,,,,,,,,,,,,,,,,,,,,,,,,,,,,,,,,,,,,,,,,,,,,,,,,,,,,,,,,,,,,,,,,,,,,,,,,,,,,,,,,,,,,,,,,,,,,,,,,,,,,,,,,,,,,,,,,,,,,,,,,,,,,,,2302014623.9206387,332640000.0,2556338400.0 
 06/19,,,,,,,,,,,,,,,,,,,,,,,,,,,,,,,,,,,,,,,,,,,,,,,,,,,,,,,,,,,,,,,,,,,,,,,,,,,,,,,,,,,,,,,,,,,,,,,,,,,,,,,,,,,,,,,,,,,,,,,,,,,,,,,,,,,,,,,,,,,,,,,,,,,,,,,,,,,,,,,,,,,,,,,,,,,,,,,,,,,,,,,,,,,,,,,,,,,,,,,,,,,,,,,,,,,,,,,,,,,,,,,,,,,,,,,,,,,,,,,,,,,,,,,,,,,,,,,,,,,,,,,,,,,,,,,,,,,,,,,,,,,,,,,,,,,,,,,,,,,,,,,,,,,,,,,,,,,,,,,,,,,,,,,,,,,,,,,,,,,,,,,,,,,,,,,,,,,,,,,,,,,3283765570.803527,332640000.0,2556338400.0 
 06/20,,,,,,,,,,,,,,,,,,,,,,,,,,,,,,,,,,,,,,,,,,,,,,,,,,,,,,,,,,,,,,,,,,,,,,,,,,,,,,,,,,,,,,,,,,,,,,,,,,,,,,,,,,,,,,,,,,,,,,,,,,,,,,,,,,,,,,,,,,,,,,,,,,,,,,,,,,,,,,,,,,,,,,,,,,,,,,,,,,,,,,,,,,,,,,,,,,,,,,,,,,,,,,,,,,,,,,,,,,,,,,,,,,,,,,,,,,,,,,,,,,,,,,,,,,,,,,,,,,,,,,,,,,,,,,,,,,,,,,,,,,,,,,,,,,,,,,,,,,,,,,,,,,,,,,,,,,,,,,,,,,,,,,,,,,,,,,,,,,,,,,,,,,,,,,,,,,,,,,,,,,,3198861243.5204236,281160000.0,3042646200.0 
 06/21,,,,,,,,,,,,,,,,,,,,,,,,,,,,,,,,,,,,,,,,,,,,,,,,,,,,,,,,,,,,,,,,,,,,,,,,,,,,,,,,,,,,,,,,,,,,,,,,,,,,,,,,,,,,,,,,,,,,,,,,,,,,,,,,,,,,,,,,,,,,,,,,,,,,,,,,,,,,,,,,,,,,,,,,,,,,,,,,,,,,,,,,,,,,,,,,,,,,,,,,,,,,,,,,,,,,,,,,,,,,,,,,,,,,,,,,,,,,,,,,,,,,,,,,,,,,,,,,,,,,,,,,,,,,,,,,,,,,,,,,,,,,,,,,,,,,,,,,,,,,,,,,,,,,,,,,,,,,,,,,,,,,,,,,,,,,,,,,,,,,,,,,,,,,,,,,,,,,,,,,,,,3605557366.6323916,281160000.0,3042646200.0 
 06/22,,,,,,,,,,,,,,,,,,,,,,,,,,,,,,,,,,,,,,,,,,,,,,,,,,,,,,,,,,,,,,,,,,,,,,,,,,,,,,,,,,,,,,,,,,,,,,,,,,,,,,,,,,,,,,,,,,,,,,,,,,,,,,,,,,,,,,,,,,,,,,,,,,,,,,,,,,,,,,,,,,,,,,,,,,,,,,,,,,,,,,,,,,,,,,,,,,,,,,,,,,,,,,,,,,,,,,,,,,,,,,,,,,,,,,,,,,,,,,,,,,,,,,,,,,,,,,,,,,,,,,,,,,,,,,,,,,,,,,,,,,,,,,,,,,,,,,,,,,,,,,,,,,,,,,,,,,,,,,,,,,,,,,,,,,,,,,,,,,,,,,,,,,,,,,,,,,,,,,,,,,,3772319152.736112,332640000.0,2556338400.0 
 06/23,,,,,,,,,,,,,,,,,,,,,,,,,,,,,,,,,,,,,,,,,,,,,,,,,,,,,,,,,,,,,,,,,,,,,,,,,,,,,,,,,,,,,,,,,,,,,,,,,,,,,,,,,,,,,,,,,,,,,,,,,,,,,,,,,,,,,,,,,,,,,,,,,,,,,,,,,,,,,,,,,,,,,,,,,,,,,,,,,,,,,,,,,,,,,,,,,,,,,,,,,,,,,,,,,,,,,,,,,,,,,,,,,,,,,,,,,,,,,,,,,,,,,,,,,,,,,,,,,,,,,,,,,,,,,,,,,,,,,,,,,,,,,,,,,,,,,,,,,,,,,,,,,,,,,,,,,,,,,,,,,,,,,,,,,,,,,,,,,,,,,,,,,,,,,,,,,,,,,,,,,,,4084826992.895713,332640000.0,2556338400.0 
 06/24,,,,,,,,,,,,,,,,,,,,,,,,,,,,,,,,,,,,,,,,,,,,,,,,,,,,,,,,,,,,,,,,,,,,,,,,,,,,,,,,,,,,,,,,,,,,,,,,,,,,,,,,,,,,,,,,,,,,,,,,,,,,,,,,,,,,,,,,,,,,,,,,,,,,,,,,,,,,,,,,,,,,,,,,,,,,,,,,,,,,,,,,,,,,,,,,,,,,,,,,,,,,,,,,,,,,,,,,,,,,,,,,,,,,,,,,,,,,,,,,,,,,,,,,,,,,,,,,,,,,,,,,,,,,,,,,,,,,,,,,,,,,,,,,,,,,,,,,,,,,,,,,,,,,,,,,,,,,,,,,,,,,,,,,,,,,,,,,,,,,,,,,,,,,,,,,,,,,,,,,,,,3929831216.7476699,332640000.0,2556338400.0 
 06/25,,,,,,,,,,,,,,,,,,,,,,,,,,,,,,,,,,,,,,,,,,,,,,,,,,,,,,,,,,,,,,,,,,,,,,,,,,,,,,,,,,,,,,,,,,,,,,,,,,,,,,,,,,,,,,,,,,,,,,,,,,,,,,,,,,,,,,,,,,,,,,,,,,,,,,,,,,,,,,,,,,,,,,,,,,,,,,,,,,,,,,,,,,,,,,,,,,,,,,,,,,,,,,,,,,,,,,,,,,,,,,,,,,,,,,,,,,,,,,,,,,,,,,,,,,,,,,,,,,,,,,,,,,,,,,,,,,,,,,,,,,,,,,,,,,,,,,,,,,,,,,,,,,,,,,,,,,,,,,,,,,,,,,,,,,,,,,,,,,,,,,,,,,,,,,,,,,,,,,,,,,,3537918253.876436,332640000.0,2556338400.0 
 06/26,,,,,,,,,,,,,,,,,,,,,,,,,,,,,,,,,,,,,,,,,,,,,,,,,,,,,,,,,,,,,,,,,,,,,,,,,,,,,,,,,,,,,,,,,,,,,,,,,,,,,,,,,,,,,,,,,,,,,,,,,,,,,,,,,,,,,,,,,,,,,,,,,,,,,,,,,,,,,,,,,,,,,,,,,,,,,,,,,,,,,,,,,,,,,,,,,,,,,,,,,,,,,,,,,,,,,,,,,,,,,,,,,,,,,,,,,,,,,,,,,,,,,,,,,,,,,,,,,,,,,,,,,,,,,,,,,,,,,,,,,,,,,,,,,,,,,,,,,,,,,,,,,,,,,,,,,,,,,,,,,,,,,,,,,,,,,,,,,,,,,,,,,,,,,,,,,,,,,,,,,,,3494645557.944961,332640000.0,2556338400.0 
 06/27,,,,,,,,,,,,,,,,,,,,,,,,,,,,,,,,,,,,,,,,,,,,,,,,,,,,,,,,,,,,,,,,,,,,,,,,,,,,,,,,,,,,,,,,,,,,,,,,,,,,,,,,,,,,,,,,,,,,,,,,,,,,,,,,,,,,,,,,,,,,,,,,,,,,,,,,,,,,,,,,,,,,,,,,,,,,,,,,,,,,,,,,,,,,,,,,,,,,,,,,,,,,,,,,,,,,,,,,,,,,,,,,,,,,,,,,,,,,,,,,,,,,,,,,,,,,,,,,,,,,,,,,,,,,,,,,,,,,,,,,,,,,,,,,,,,,,,,,,,,,,,,,,,,,,,,,,,,,,,,,,,,,,,,,,,,,,,,,,,,,,,,,,,,,,,,,,,,,,,,,,,,3508593529.340525,281160000.0,3042646200.0 
 06/28,,,,,,,,,,,,,,,,,,,,,,,,,,,,,,,,,,,,,,,,,,,,,,,,,,,,,,,,,,,,,,,,,,,,,,,,,,,,,,,,,,,,,,,,,,,,,,,,,,,,,,,,,,,,,,,,,,,,,,,,,,,,,,,,,,,,,,,,,,,,,,,,,,,,,,,,,,,,,,,,,,,,,,,,,,,,,,,,,,,,,,,,,,,,,,,,,,,,,,,,,,,,,,,,,,,,,,,,,,,,,,,,,,,,,,,,,,,,,,,,,,,,,,,,,,,,,,,,,,,,,,,,,,,,,,,,,,,,,,,,,,,,,,,,,,,,,,,,,,,,,,,,,,,,,,,,,,,,,,,,,,,,,,,,,,,,,,,,,,,,,,,,,,,,,,,,,,,,,,,,,,,3852332162.8239848,281160000.0,3042646200.0 
 06/29,,,,,,,,,,,,,,,,,,,,,,,,,,,,,,,,,,,,,,,,,,,,,,,,,,,,,,,,,,,,,,,,,,,,,,,,,,,,,,,,,,,,,,,,,,,,,,,,,,,,,,,,,,,,,,,,,,,,,,,,,,,,,,,,,,,,,,,,,,,,,,,,,,,,,,,,,,,,,,,,,,,,,,,,,,,,,,,,,,,,,,,,,,,,,,,,,,,,,,,,,,,,,,,,,,,,,,,,,,,,,,,,,,,,,,,,,,,,,,,,,,,,,,,,,,,,,,,,,,,,,,,,,,,,,,,,,,,,,,,,,,,,,,,,,,,,,,,,,,,,,,,,,,,,,,,,,,,,,,,,,,,,,,,,,,,,,,,,,,,,,,,,,,,,,,,,,,,,,,,,,,,3757289003.7506115,332640000.0,2556338400.0 
 06/30,35.41236551886305,83.3432787473618,60.4353647540193,45.74818751528346,33.1723036132678,90.13033533340544,32.90957489505464,85.7294069357131,117.08099770759951,48.17723259286503,117.07940023221804,47.804450810070559,109.46383835809601,49.07353404026013,42.9226994235468,117.10592673485434,42.10664536814724,117.10345938182295,111.80250572786567,49.0825111808263,49.00611263034134,117.10397751710407,116.29863804110495,49.087859007399718,93.60246663588231,46.92016254538694,48.30959992007779,99.13324183207887,86.46286185865684,46.52997739151858,41.660957554316969,100.90158713011413,42.38796171235898,101.12629822337373,59.66967836751009,41.07280938330491,59.64675337682305,42.25031410636071,62.01744086931156,35.66521636464934,62.03619053528437,36.514833268045958,77.53495686804682,36.345062261414387,79.4802483542185,33.87447447882172,88.50340341363526,38.42445989790967,88.51709247488346,38.989627267362738,95.10029112056376,38.80297243972905,95.09714860211169,36.081853558267379,117.10251473533444,47.71789370473684,117.10229080064019,47.88347269262843,117.08063727090536,48.41159136171882,117.07903956206028,48.48247809175588,113.30243368437538,49.08785900741292,33.708471787168928,116.10798458308047,86.79219149511163,44.244121064865307,86.80832799227025,44.13054164502166,34.776583080238058,117.02391421474052,33.77687453756923,116.96182994703725,33.06926910638302,97.2560298547634,34.707068759168027,117.06752253750165,24.678523266991136,60.90580097790867,27.875435080326797,65.57485898103976,33.267450713389518,117.06735948028079,32.76960757483206,84.85659020954806,31.609176874833243,117.06585081161278,28.335400914448404,86.16085536561457,29.298334399632414,90.23145731244833,62.459856470897587,44.4871841042291,89.46850292361197,45.488517656473707,113.02279452584254,49.08785900738358,114.57430978759725,49.087859007383489,96.67001654416053,36.387293537348778,76.60201586737866,35.37323325724449,86.58409290803383,33.75795887132262,95.8449069011662,34.23937901428526,60.98748215402512,37.61411450226668,83.04828824170976,39.36174733037586,103.65089606023752,48.95986074757797,99.60178167333014,48.94166901468679,85.64756837472936,44.89914430301779,64.28853050973679,42.55558343253517,52.41582209227948,37.02561037864873,84.73418584157986,39.89562860446615,31.833149565532677,82.86421231501548,25.26982124192979,62.263470217690379,28.404462642830344,74.33008383205535,30.855117959160667,97.77683880679609,29.222026644233439,85.49262472203438,29.247117244673647,71.36175728332181,63.275649140843288,63.10947259193683,63.14385742863557,40.28288870743882,42.57504137827425,39.51509182441529,50.568641030582089,47.3852729155259,42.921736710862628,39.334735538917019,29.434346966042729,50.05895895653066,50.3600295679311,49.458936928308798,75.51744618741835,57.07832751555161,68.81334485280958,55.39312433103609,35.71843069174685,53.610182387255438,39.8448556112047,42.68643606089671,42.25140047505599,31.075324486011014,63.05312108483528,81.76708976892094,85.95717103610733,89.61932809953957,79.80437366782579,112.32554612192044,116.94038918202294,116.93825902774977,95.94600658759676,75.94864164796603,78.27973778430787,36.241469230716798,63.801407116371567,39.45661543423187,37.201024439219299,36.74687315955375,64.27056781176812,114.56907473648606,181.23485939392689,181.64585569030636,113.58622789854695,116.75007005742899,116.74930056853494,44.082557086314597,42.140706851750248,48.381707903767047,75.10088042284819,85.65250131992055,180.51277422366929,180.0305769846038,86.75717734916086,88.06494815555529,88.14736336739003,43.193333424280179,40.955104161274579,47.17992911671253,63.493639948224998,73.48180907258096,65.59939110499173,68.64692286733413,56.02674085753413,83.88558231690517,84.64083008259034,84.76775498581361,86.68759233305626,63.082661762749619,74.52344735469203,66.64923190107707,36.13915313487137,62.19232064233464,39.0392786362127,36.460647336323457,36.86288110766125,55.37483452661845,87.16490865041894,31.98387322523477,33.22646087211147,68.65523210162304,69.03997212636569,70.53602338345408,33.353500908189058,87.201222403249,35.56530498995154,37.12276064759146,88.13249523676537,59.85004457086446,60.19155616755567,60.21371582995004,42.27383517375864,41.19892059284884,63.504228612052788,33.288772122981047,39.055780226312609,41.50607318108711,57.580135919534587,57.84276065679439,57.820600994363257,37.09110135469144,35.25106450977881,84.23644868510506,60.78068003805191,61.22485439014315,39.46663809844372,42.01156602426751,51.40498694884209,48.50331749028563,77.47113864466984,75.23608006608906,30.52909013445706,32.0235689924638,51.10115921358256,62.53649356907645,59.58662693171983,53.913632999072557,34.29718291307249,35.86399099950861,69.75621666151527,69.55048814934642,70.95335307993385,75.52277288857002,74.86921342055318,76.81185094338577,69.450965246898,30.995393443924877,31.650065675787464,78.01632719189704,77.23493982033077,72.10305356982265,72.30579583958614,38.149646691417078,39.5363015489747,87.57124274993747,69.81573418754705,69.40627620372335,37.89134615007838,39.28543581724365,60.71054829638938,60.89336902501866,59.25985722839715,85.09537516764236,85.0753832431937,85.0923648054248,89.80255390340935,67.86119698802063,90.1406047223853,34.57778310100303,35.35133106661964,66.46294477876148,67.16791553309912,58.097001642180519,86.70248429864455,86.79269834077106,86.81328737264961,82.04115653585756,80.39209082841572,29.692996356270549,30.23018536919945,33.633307136192339,85.2926193210546,70.09729837001514,66.51194289985414,33.56231963143188,33.61000220059374,71.86965143680665,72.44441389043178,74.00154621281289,94.70203026491231,94.76395802536578,94.7581419339537,87.14698138359607,34.75020861414054,35.7985852073248,86.60970006127016,87.9630765855121,179.97187774950005,98.43259430699728,84.62256057956485,81.97445403081373,39.32708621662785,40.972247052932598,79.4213861829576,79.82802500188093,81.41315098375901,112.75996313194021,116.3337115090948,116.2647008893192,180.93373982897965,90.76356730798377,90.77635711053138,31.892242438892195,33.395008690985367,59.66011747404247,180.27966726401824,90.18230699962037,90.95804231128364,39.403223173412708,40.57268858225064,180.3945068886699,100.0997777246665,76.0402419435773,98.22409977511644,37.2743936664476,38.09367167412806,86.33897827331583,88.63656549353215,79.68902944794293,112.74947778591897,116.34916164785754,116.28015102810199,180.61342720107374,98.50195476549126,84.06459387306963,83.12322709216629,36.4530444075444,37.04371194355293,80.11067589028382,80.0986427571978,82.04712393611224,113.43376131750405,115.78429268900011,115.71696700324404,181.52108238287949,3997470927.481568,332640000.0,2556338400.0 
